name,url,description
Apprentice + 8.0 Job Focused Assessment,https://www.shl.com/products/product-catalog/view/apprentice-8-0-job-focused-assessment-4261/,
Financial and Banking Services (New),https://www.shl.com/products/product-catalog/view/financial-and-banking-services-new/,
SQL (New),https://www.shl.com/products/product-catalog/view/sql-new/,
Verify - Inductive Reasoning (2014),https://www.shl.com/products/product-catalog/view/verify-inductive-reasoning-2014/,
MS Office Basic Computer Literacy (New),https://www.shl.com/products/product-catalog/view/ms-office-basic-computer-literacy-new/,
Search Engine Optimization (New),https://www.shl.com/products/product-catalog/view/search-engine-optimization-new/,
Oracle DBA (Entry Level) (New),https://www.shl.com/products/product-catalog/view/oracle-dba-entry-level-new/,
MuleSoft Development (New),https://www.shl.com/products/product-catalog/view/mulesoft-development-new/,
Power System Engineering (New),https://www.shl.com/products/product-catalog/view/power-system-engineering-new/,
Verify - Working with Information,https://www.shl.com/products/product-catalog/view/verify-working-with-information/,
Human Resources (New),https://www.shl.com/products/product-catalog/view/human-resources-new/,
Proofreading v1,https://www.shl.com/products/product-catalog/view/proofreading-v1/,
Prism (New),https://www.shl.com/products/product-catalog/view/prism-new/,
Electrical and Electronics Engineering (New),https://www.shl.com/products/product-catalog/view/electrical-and-electronics-engineering-new/,
Electronics and Embedded Systems Engineering (New),https://www.shl.com/products/product-catalog/view/electronics-and-embedded-systems-engineering-new/,
Reading Comprehension v2,https://www.shl.com/products/product-catalog/view/reading-comprehension-v2/,
ITIL (IT Infrastructure Library) (New),https://www.shl.com/products/product-catalog/view/itil-it-infrastructure-library-new/,
Visual Basic for Applications (New),https://www.shl.com/products/product-catalog/view/visual-basic-for-applications-new/,
HiPo Unlocking Potential Report 2.0,https://www.shl.com/products/product-catalog/view/hipo-unlocking-potential-report-2-0/,
Microsoft Word 365 (New),https://www.shl.com/products/product-catalog/view/microsoft-word-365-new/,
Petrochemical Engineering (New),https://www.shl.com/products/product-catalog/view/petrochemical-engineering-new/,
OPQ Universal Competency Report 2.0,https://www.shl.com/products/product-catalog/view/opq-universal-competency-report-2-0/,
OPQ UCF Development Action Planner Report 2.0,https://www.shl.com/products/product-catalog/view/opq-ucf-development-action-planner-report-2-0/,
Graduate Scenarios Profile Report,https://www.shl.com/products/product-catalog/view/graduate-scenarios-profile-report/,
Bank Collections Agent - Short Form,https://www.shl.com/products/product-catalog/view/bank-collections-agent-short-form/,
Verify - Following Instructions,https://www.shl.com/products/product-catalog/view/verify-following-instructions/,
Written English v1,https://www.shl.com/products/product-catalog/view/written-english-v1/,
.NET MVC (New),https://www.shl.com/products/product-catalog/view/net-mvc-new/,
Count Out The Money,https://www.shl.com/products/product-catalog/view/count-out-the-money/,
SHL Verify Interactive G+,https://www.shl.com/products/product-catalog/view/shl-verify-interactive-g/,
MQ Candidate Motivation Report,https://www.shl.com/products/product-catalog/view/mq-candidate-motivation-report/,
SHL Verify Interactive - Inductive Reasoning,https://www.shl.com/products/product-catalog/view/shl-verify-interactive-inductive-reasoning/,
Mechatronics Engineering (New),https://www.shl.com/products/product-catalog/view/mechatronics-engineering-new/,
Enterprise Leadership Report 1.0,https://www.shl.com/products/product-catalog/view/enterprise-leadership-report/,
Fire Engineering (New),https://www.shl.com/products/product-catalog/view/fire-engineering-new/,
Verify - Numerical Ability,https://www.shl.com/products/product-catalog/view/verify-numerical-ability/,
MS Word (New),https://www.shl.com/products/product-catalog/view/ms-word-new/,
Linux Programming (General),https://www.shl.com/products/product-catalog/view/linux-programming-general/,
HiPo Assessment Report 2.0,https://www.shl.com/products/product-catalog/view/hipo-assessment-report-2-0/,
Shell Scripting (New),https://www.shl.com/products/product-catalog/view/shell-scripting-new/,
Networking and Implementation (New),https://www.shl.com/products/product-catalog/view/networking-and-implementation-new/,
Automata - Fix (New),https://www.shl.com/products/product-catalog/view/automata-fix-new/,
GIT (New),https://www.shl.com/products/product-catalog/view/git-new/,
IBM Sterling Order Management System (New),https://www.shl.com/products/product-catalog/view/ibm-sterling-order-management-system-new/,
Core Java (Advanced Level) (New),https://www.shl.com/products/product-catalog/view/core-java-advanced-level-new/,
360 Digital Report,https://www.shl.com/products/product-catalog/view/360-digital-report/,
OPQ Team Impact Group Development Report,https://www.shl.com/products/product-catalog/view/opq-team-impact-group-development-report/,
Manufacturing & Industrial - Vigilance Focus 8.0,https://www.shl.com/products/product-catalog/view/vigilance-focus-8-0/,
Financial Accounting (New),https://www.shl.com/products/product-catalog/view/financial-accounting-new/,
Data Entry Numeric Split Screen - US,https://www.shl.com/products/product-catalog/view/data-entry-numeric-split-screen-us/,
Sales Transformation 2.0 - Individual Contributor,https://www.shl.com/products/product-catalog/view/salestransformationreport2-0-individualcontributor/,
Contact Center Call Simulation (New),https://www.shl.com/products/product-catalog/view/contact-center-call-simulation-new/,
Sales Transformation Report 2.0 - Sales Manager,https://www.shl.com/products/product-catalog/view/sales-transformation-report-2-0-sales-manager/,
Sales Interview Guide,https://www.shl.com/products/product-catalog/view/sales-interview-guide/,
SHL Verify Interactive – Numerical Reasoning,https://www.shl.com/products/product-catalog/view/shl-verify-interactive-numerical-reasoning/,
Economics (New),https://www.shl.com/products/product-catalog/view/economics-new/,
Nursing (New),https://www.shl.com/products/product-catalog/view/nursing-new/,
WriteX - Email Writing (Sales) (New),https://www.shl.com/products/product-catalog/view/writex-email-writing-sales-new/,
MQ Motivation Report Pack,https://www.shl.com/products/product-catalog/view/mq-motivation-report-pack/,
Following Instructions v1 - UK (R1),https://www.shl.com/products/product-catalog/view/following-instructions-v1-uk-r1/,
Sales Transformation 1.0 - Individual Contributor,https://www.shl.com/products/product-catalog/view/sales-transformation-report-individual-contributor/,
Automata (New),https://www.shl.com/products/product-catalog/view/automata-new/,
.NET MVVM (New),https://www.shl.com/products/product-catalog/view/net-mvvm-new/,
Project Management (2013),https://www.shl.com/products/product-catalog/view/project-management-2013/,
Verify - Verbal Ability - Next Generation,https://www.shl.com/products/product-catalog/view/verify-verbal-ability-next-generation/,
Accounts Receivable (New),https://www.shl.com/products/product-catalog/view/accounts-receivable-new/,
OPQ Universal Competency Report 1.0,https://www.shl.com/products/product-catalog/view/opq-universal-competency-report/,
Automata Front End,https://www.shl.com/products/product-catalog/view/automata-front-end/,
Pega Development (New),https://www.shl.com/products/product-catalog/view/pega-development-new/,
VB.NET (New),https://www.shl.com/products/product-catalog/view/vb-net-new/,
RemoteWorkQ Participant Report,https://www.shl.com/products/product-catalog/view/remoteworkq-participant-report/,
Smart Interview Live,https://www.shl.com/products/product-catalog/view/smart-interview-live/,
ADO.NET (New),https://www.shl.com/products/product-catalog/view/ado-net-new/,
Core Java (Entry Level) (New),https://www.shl.com/products/product-catalog/view/core-java-entry-level-new/,
Occupational Personality Questionnaire OPQ32r,https://www.shl.com/products/product-catalog/view/occupational-personality-questionnaire-opq32r/,
Reviewing Forms - US (R1),https://www.shl.com/products/product-catalog/view/reviewing-forms-us-r1/,
.NET Framework 4.5,https://www.shl.com/products/product-catalog/view/net-framework-4-5/,
Dependability and Safety Instrument (DSI),https://www.shl.com/products/product-catalog/view/dependability-and-safety-instrument-dsi/,
Operations Management (New),https://www.shl.com/products/product-catalog/view/operations-management-new/,
Apache Hive (New),https://www.shl.com/products/product-catalog/view/apache-hive-new/,
Executive Scenarios,https://www.shl.com/products/product-catalog/view/executive-scenarios/,
Automata Data Science Pro (New),https://www.shl.com/products/product-catalog/view/automata-data-science-pro-new/,
Filing - Names (R1),https://www.shl.com/products/product-catalog/view/filing-names-r1/,
Java Platform Enterprise Edition 7 (Java EE 7),https://www.shl.com/products/product-catalog/view/java-platform-enterprise-edition-7-java-ee-7/,
Agile Testing (New),https://www.shl.com/products/product-catalog/view/agile-testing-new/,
Enterprise Java Beans (New),https://www.shl.com/products/product-catalog/view/enterprise-java-beans-new/,
Universal Competency Framework Profiler Cards (44),https://www.shl.com/products/product-catalog/view/universal-competency-framework-profiler-cards-44/,
Microsoft Windows Server 2012 Administration,https://www.shl.com/products/product-catalog/view/microsoft-windows-server-2012-administration/,
Verify - G+,https://www.shl.com/products/product-catalog/view/verify-g/,
DSI v1.1 Interpretation Report,https://www.shl.com/products/product-catalog/view/dsi-v1-1-interpretation-report/,
Perl (New),https://www.shl.com/products/product-catalog/view/perl-new/,
Data Entry (New),https://www.shl.com/products/product-catalog/view/data-entry-new/,
OPQ Premium Plus Report 2.0,https://www.shl.com/products/product-catalog/view/opq-premium-plus-report-2-0/,
SAP Materials Management (New),https://www.shl.com/products/product-catalog/view/sap-materials-management-new/,
AI Skills,https://www.shl.com/products/product-catalog/view/ai-skills/,
Angular 6 (New),https://www.shl.com/products/product-catalog/view/angular-6-new/,
Production Engineering (New),https://www.shl.com/products/product-catalog/view/production-engineering-new/,
Managerial Scenarios Profile Report,https://www.shl.com/products/product-catalog/view/managerial-scenarios-profile-report/,
SAP BW (Business Warehouse) (New),https://www.shl.com/products/product-catalog/view/sap-bw-business-warehouse-new/,
Android Development (New),https://www.shl.com/products/product-catalog/view/android-development-new/,
UNIX (New),https://www.shl.com/products/product-catalog/view/unix-new/,
Apache Hadoop (New),https://www.shl.com/products/product-catalog/view/apache-hadoop-new/,
Marketing (New),https://www.shl.com/products/product-catalog/view/marketing-new/,
Python (New),https://www.shl.com/products/product-catalog/view/python-new/,
OPQ User Report,https://www.shl.com/products/product-catalog/view/opq-user-report/,
.NET WPF (New),https://www.shl.com/products/product-catalog/view/net-wpf-new/,
Entry Level Customer Serv-Retail & Contact Center,https://www.shl.com/products/product-catalog/view/entry-level-customer-serv-retail-and-contact-center/,
Retail Sales and Service Simulation,https://www.shl.com/products/product-catalog/view/retail-sales-and-service-simulation/,
Written Spanish,https://www.shl.com/products/product-catalog/view/written-spanish/,
Manufac. & Indust. - Mechanical & Vigilance 8.0,https://www.shl.com/products/product-catalog/view/mechanical-and-vigilance-focus-8-0/,
Molecular Biology (New),https://www.shl.com/products/product-catalog/view/molecular-biology-new/,
Sales Transformation Report 1.0 - Sales Manager,https://www.shl.com/products/product-catalog/view/sales-transformation-report-sales-manager/,
Assessment and Development Center Exercises,https://www.shl.com/products/product-catalog/view/assessment-and-development-center-exercises/,
Geoscience Engineering (New),https://www.shl.com/products/product-catalog/view/geoscience-engineering-new/,
.NET XAML (New),https://www.shl.com/products/product-catalog/view/net-xaml-new/,
Biochemistry (New),https://www.shl.com/products/product-catalog/view/biochemistry-new/,
Branch Manager - Short Form,https://www.shl.com/products/product-catalog/view/branch-manager-short-form/,
OPQ Manager Plus Report 2.0,https://www.shl.com/products/product-catalog/view/opq-manager-plus-report-2-0/,
Spelling (U.S.) (New),https://www.shl.com/products/product-catalog/view/spelling-u-s-new/,
Informatica (Architecture) (New),https://www.shl.com/products/product-catalog/view/informatica-architecture-new/,
SVAR - Spoken English (U.K.),https://www.shl.com/products/product-catalog/view/svar-spoken-english-u-k/,
Biotech Lab Techniques (New),https://www.shl.com/products/product-catalog/view/biotech-lab-techniques-new/,
Automata Pro (New),https://www.shl.com/products/product-catalog/view/automata-pro-new/,
Basic Biology (New),https://www.shl.com/products/product-catalog/view/basic-biology-new/,
Typing (New),https://www.shl.com/products/product-catalog/view/typing-new/,
WriteX - Email Writing (Customer Service) (New),https://www.shl.com/products/product-catalog/view/writex-email-writing-customer-service-new/,
SHL Verify Interactive – Deductive Reasoning,https://www.shl.com/products/product-catalog/view/shl-verify-interactive-deductive-reasoning/,
MFS 360 Enterprise Leadership Report,https://www.shl.com/products/product-catalog/view/mfs-360-enterprise-leadership-report/,
"Bookkeeping, Accounting, Auditing Clerk Short Form",https://www.shl.com/products/product-catalog/view/bookkeeping-accounting-auditing-clerk-short-form/,
Following Instructions v1 - US (R2),https://www.shl.com/products/product-catalog/view/following-instructions-v1-us-r2/,
Automata Data Science (New),https://www.shl.com/products/product-catalog/view/automata-data-science-new/,
IBM DataStage (New),https://www.shl.com/products/product-catalog/view/ibm-datastage-new/,
Aeronautical Engineering (New),https://www.shl.com/products/product-catalog/view/aeronautical-engineering-new/,
SVAR - Spoken French (European) (New),https://www.shl.com/products/product-catalog/view/svar-spoken-french-european-new/,
Java Web Services (New),https://www.shl.com/products/product-catalog/view/java-web-services-new/,
Dojo (New),https://www.shl.com/products/product-catalog/view/dojo-new/,
Java Design Patterns (New),https://www.shl.com/products/product-catalog/view/java-design-patterns-new/,
Pharmaceutics (New),https://www.shl.com/products/product-catalog/view/pharmaceutics-new/,
Verify Interactive Process Monitoring,https://www.shl.com/products/product-catalog/view/verify-interactive-process-monitoring/,
SHL Verify Interactive Numerical Calculation,https://www.shl.com/products/product-catalog/view/shl-verify-interactive-numerical-calculation/,
Time Management (U.S.),https://www.shl.com/products/product-catalog/view/time-management-u-s/,
ASP.NET 4.5,https://www.shl.com/products/product-catalog/view/asp-net-4-5/,
Pharmaceutical Chemistry (New),https://www.shl.com/products/product-catalog/view/pharmaceutical-chemistry-new/,
Geoinformatics Engineering (New),https://www.shl.com/products/product-catalog/view/geoinformatics-engineering-new/,
Global Skills Development Report,https://www.shl.com/products/product-catalog/view/global-skills-development-report/,
OPQ Team Impact Individual Development Report,https://www.shl.com/products/product-catalog/view/opq-team-impact-individual-development-report/,
ETL Testing (New),https://www.shl.com/products/product-catalog/view/etl-testing-new/,
Sales Profiler Cards,https://www.shl.com/products/product-catalog/view/sales-profiler-cards/,
SQL Server Integration Services (SSIS) (New),https://www.shl.com/products/product-catalog/view/sql-server-integration-services-ssis-new/,
Front Office Management (New),https://www.shl.com/products/product-catalog/view/front-office-management-new/,
Swing (New),https://www.shl.com/products/product-catalog/view/swing-new/,
OPQ Leadership Report,https://www.shl.com/products/product-catalog/view/opq-leadership-report/,
Chemical Engineering (New),https://www.shl.com/products/product-catalog/view/chemical-engineering-new/,
Microsoft Word 365 - Essentials (New),https://www.shl.com/products/product-catalog/view/microsoft-word-365-essentials-new/,
SAP Basis (New),https://www.shl.com/products/product-catalog/view/sap-basis-new/,
VLSI and Embedded Systems (New),https://www.shl.com/products/product-catalog/view/vlsi-and-embedded-systems-new/,
MFS 360 UCF Group Report,https://www.shl.com/products/product-catalog/view/mfs-360-ucf-group-report/,
Managerial Scenarios Narrative Report,https://www.shl.com/products/product-catalog/view/managerial-scenarios-narrative-report/,
Data Entry Alphanumeric Split Screen - US,https://www.shl.com/products/product-catalog/view/data-entry-alphanumeric-split-screen-us/,
Fundamentals of Physics (New),https://www.shl.com/products/product-catalog/view/fundamentals-of-physics-new/,
HiPo Assessment Report 1.0,https://www.shl.com/products/product-catalog/view/hipo-assessment-report-1-0/,
Java Frameworks (New),https://www.shl.com/products/product-catalog/view/java-frameworks-new/,
Oracle PL/SQL (New),https://www.shl.com/products/product-catalog/view/oracle-plsql-new/,
SAP ABAP (Advanced Level) (New),https://www.shl.com/products/product-catalog/view/sap-abap-advanced-level-new/,
Petroleum Engineering (New),https://www.shl.com/products/product-catalog/view/petroleum-engineering-new/,
Pharmacology (New),https://www.shl.com/products/product-catalog/view/pharmacology-new/,
Ruby (New),https://www.shl.com/products/product-catalog/view/ruby-new/,
ASP .NET with C# (New),https://www.shl.com/products/product-catalog/view/asp-net-with-c-new/,
OPQ Profile Report,https://www.shl.com/products/product-catalog/view/opq-profile-report/,
Verify G+ - Ability Test Report,https://www.shl.com/products/product-catalog/view/verify-g-ability-test-report/,
Statistical Analysis System (New),https://www.shl.com/products/product-catalog/view/statistical-analysis-system-new/,
C# Programming (New),https://www.shl.com/products/product-catalog/view/c-programming-new-4039/,
Visual Comparison - UK,https://www.shl.com/products/product-catalog/view/visual-comparison-uk/,
Adobe Experience Manager (New),https://www.shl.com/products/product-catalog/view/adobe-experience-manager-new/,
Cardiology and Diabetes Management (New),https://www.shl.com/products/product-catalog/view/cardiology-and-diabetes-management-new/,
OPQ User and Managers Report,https://www.shl.com/products/product-catalog/view/opq-user-and-managers-report/,
Cisco AppDynamics (New),https://www.shl.com/products/product-catalog/view/cisco-appdynamics-new/,
Workplace Health and Safety (New),https://www.shl.com/products/product-catalog/view/workplace-health-and-safety-new/,
Manufac. & Indust. - Safety & Dependability 8.0,https://www.shl.com/products/product-catalog/view/safety-and-dependability-focus-8-0/,
Jenkins (New),https://www.shl.com/products/product-catalog/view/jenkins-new/,
Spring (New),https://www.shl.com/products/product-catalog/view/spring-new/,
SAP ABAP (Intermediate Level) (New),https://www.shl.com/products/product-catalog/view/sap-abap-intermediate-level-new/,
HTML5 (New),https://www.shl.com/products/product-catalog/view/html5-new/,
Managerial Scenarios Candidate Report,https://www.shl.com/products/product-catalog/view/managerial-scenarios-candidate-report/,
Linux Administration (New),https://www.shl.com/products/product-catalog/view/linux-administration-new/,
Customer Service Phone Simulation,https://www.shl.com/products/product-catalog/view/customer-service-phone-simulation/,
Linux Operating System,https://www.shl.com/products/product-catalog/view/linux-operating-system/,
Agile Software Development,https://www.shl.com/products/product-catalog/view/agile-software-development/,
Multitasking Ability,https://www.shl.com/products/product-catalog/view/multitasking-ability/,
Manufacturing & Industrial - Essential Focus 8.0,https://www.shl.com/products/product-catalog/view/essential-focus-8-0/,
Interviewing and Hiring Concepts (U.S.),https://www.shl.com/products/product-catalog/view/interviewing-and-hiring-concepts-u-s/,
Load Runner (New),https://www.shl.com/products/product-catalog/view/load-runner-new/,
Visual Comparison - US,https://www.shl.com/products/product-catalog/view/visual-comparison-us/,
Verify Interactive G+ Report,https://www.shl.com/products/product-catalog/view/verify-interactive-g-report/,
MongoDB (New),https://www.shl.com/products/product-catalog/view/mongodb-new/,
HIPAA (Security),https://www.shl.com/products/product-catalog/view/hipaa-security/,
Accounts Payable (New),https://www.shl.com/products/product-catalog/view/accounts-payable-new/,
Automation Anywhere RPA Development (New),https://www.shl.com/products/product-catalog/view/automation-anywhere-rpa-development-new/,
Kubernetes (New),https://www.shl.com/products/product-catalog/view/kubernetes-new/,
Hibernate (New),https://www.shl.com/products/product-catalog/view/hibernate-new/,
MQ Profile,https://www.shl.com/products/product-catalog/view/mq-profile/,
SQL Server (New),https://www.shl.com/products/product-catalog/view/sql-server-new/,
Zabbix (New),https://www.shl.com/products/product-catalog/view/zabbix-new/,
Verify - Technical Checking - Next Generation,https://www.shl.com/products/product-catalog/view/verify-technical-checking-next-generation/,
Virtual Assessment and Development Centers,https://www.shl.com/products/product-catalog/view/virtual-assessment-and-development-centers/,
Fundamentals of Chemistry (New),https://www.shl.com/products/product-catalog/view/fundamentals-of-chemistry-new/,
Apprentice 8.0 Job Focused Assessment,https://www.shl.com/products/product-catalog/view/apprentice-8-0-job-focused-assessment/,
Apache Hadoop Extensions (New),https://www.shl.com/products/product-catalog/view/apache-hadoop-extensions-new/,
Pharmaceutical Science (New),https://www.shl.com/products/product-catalog/view/pharmaceutical-science-new/,
CSS3 (New),https://www.shl.com/products/product-catalog/view/css3-new/,
Instrumentation Engineering (New),https://www.shl.com/products/product-catalog/view/instrumentation-engineering-new/,
Basic Computer Literacy (Windows 10) (New),https://www.shl.com/products/product-catalog/view/basic-computer-literacy-windows-10-new/,
Java 2 Platform Enterprise Edition 1.4 Fundamental,https://www.shl.com/products/product-catalog/view/java-2-platform-enterprise-edition-1-4-fundamental/,
Business Communication (adaptive),https://www.shl.com/products/product-catalog/view/business-communication-adaptive/,
Data Warehousing Concepts,https://www.shl.com/products/product-catalog/view/data-warehousing-concepts/,
Oracle DBA (Advanced Level) (New),https://www.shl.com/products/product-catalog/view/oracle-dba-advanced-level-new/,
OPQ MQ Sales Report,https://www.shl.com/products/product-catalog/view/opq-mq-sales-report/,
Telecommunications Engineering (New),https://www.shl.com/products/product-catalog/view/telecommunications-engineering-new/,
OPQ Emotional Intelligence Report,https://www.shl.com/products/product-catalog/view/opq-emotional-intelligence-report/,
Industrial Engineering (New),https://www.shl.com/products/product-catalog/view/industrial-engineering-new/,
Accounts Payable Simulation (New),https://www.shl.com/products/product-catalog/view/accounts-payable-simulation-new/,
SVAR - Spoken English (US)  (New),https://www.shl.com/products/product-catalog/view/svar-spoken-english-us-new/,
Data Science (New),https://www.shl.com/products/product-catalog/view/data-science-new/,
Salesforce Development (New),https://www.shl.com/products/product-catalog/view/salesforce-development-new/,
Graduate Scenarios Narrative Report,https://www.shl.com/products/product-catalog/view/graduate-scenarios-narrative-report/,
Basic Statistics (New),https://www.shl.com/products/product-catalog/view/basic-statistics-new/,
Bank Operations Supervisor - Short Form,https://www.shl.com/products/product-catalog/view/bank-operations-supervisor-short-form/,
Aerospace Engineering (New),https://www.shl.com/products/product-catalog/view/aerospace-engineering-new/,
Dermatology (New),https://www.shl.com/products/product-catalog/view/dermatology-new/,
OPQ Candidate Plus Report,https://www.shl.com/products/product-catalog/view/opq-candidate-plus-report/,
Automotive Engineering (New),https://www.shl.com/products/product-catalog/view/automotive-engineering-new/,
Cyber Risk (New),https://www.shl.com/products/product-catalog/view/cyber-risk-new/,
Pediatrics (New),https://www.shl.com/products/product-catalog/view/pediatrics-new/,
Maven (New),https://www.shl.com/products/product-catalog/view/maven-new/,
Java 8 (New),https://www.shl.com/products/product-catalog/view/java-8-new/,
Reading Comprehension - English v1,https://www.shl.com/products/product-catalog/view/reading-comprehension-english-v1/,
Manual Testing (New),https://www.shl.com/products/product-catalog/view/manual-testing-new/,
What Is The Value - US,https://www.shl.com/products/product-catalog/view/what-is-the-value-us/,
RemoteWorkQ Manager Report,https://www.shl.com/products/product-catalog/view/remoteworkq-manager-report/,
SAP HCM (Human Capital Management) (New),https://www.shl.com/products/product-catalog/view/sap-hcm-human-capital-management-new/,
MQ Employee Motivation Report,https://www.shl.com/products/product-catalog/view/mq-employee-motivation-report/,
HTML/CSS (New),https://www.shl.com/products/product-catalog/view/htmlcss-new/,
Microsoft SQL Server 2014 Programming,https://www.shl.com/products/product-catalog/view/microsoft-sql-server-2014-programming/,
Verify G+ - Candidate Report,https://www.shl.com/products/product-catalog/view/verify-g-candidate-report/,
Digital Readiness Development Report - Manager,https://www.shl.com/products/product-catalog/view/digital-readiness-development-report-manager/,
JavaScript (New),https://www.shl.com/products/product-catalog/view/javascript-new/,
Conversational Multichat Simulation,https://www.shl.com/products/product-catalog/view/conversational-multichat-simulation/,
Manufacturing & Industrial - Mechanical Focus 8.0,https://www.shl.com/products/product-catalog/view/mechanical-focus-8-0/,
Microsoft Excel 365 - Essentials (New),https://www.shl.com/products/product-catalog/view/microsoft-excel-365-essentials-new/,
Node.js (New),https://www.shl.com/products/product-catalog/view/node-js-new/,
Production and Industrial Engineering (New),https://www.shl.com/products/product-catalog/view/production-and-industrial-engineering-new/,
MFS 360 UCF Standard Report,https://www.shl.com/products/product-catalog/view/mfs-360-ucf-standard-report/,
Ruby on Rails (New),https://www.shl.com/products/product-catalog/view/ruby-on-rails-new/,
Graduate Scenarios,https://www.shl.com/products/product-catalog/view/graduate-scenarios/,
Workplace Administration Skills (New),https://www.shl.com/products/product-catalog/view/workplace-administration-skills-new/,
MS Excel (New),https://www.shl.com/products/product-catalog/view/ms-excel-new/,
OPQ Team Types and Leadership Styles Report,https://www.shl.com/products/product-catalog/view/opq-team-types-and-leadership-styles-report/,
Microsoft Excel 365 (New),https://www.shl.com/products/product-catalog/view/microsoft-excel-365-new/,
Bank Administrative Assistant - Short Form,https://www.shl.com/products/product-catalog/view/bank-administrative-assistant-short-form/,
Apache HBase (New),https://www.shl.com/products/product-catalog/view/apache-hbase-new/,
Informatica (Developer) (New),https://www.shl.com/products/product-catalog/view/informatica-developer-new/,
Interpersonal Communications,https://www.shl.com/products/product-catalog/view/interpersonal-communications/,
SAP Business Objects WebI (New),https://www.shl.com/products/product-catalog/view/sap-business-objects-webi-new/,
MFS 360 UCF Performance Potential Dev Tips Report,https://www.shl.com/products/product-catalog/view/mfs-360-ucf-performance-potential-dev-tips-report/,
Automata - SQL (New),https://www.shl.com/products/product-catalog/view/automata-sql-new/,
Digital Readiness Development Report - IC,https://www.shl.com/products/product-catalog/view/digital-readiness-development-report/,
Desktop Support (New),https://www.shl.com/products/product-catalog/view/desktop-support-new/,
A Different Kind of Talent Intelligence,https://www.shl.com/products/product-catalog/view/econometrics-new/,
Siebel Development (New),https://www.shl.com/products/product-catalog/view/siebel-development-new/,
Management Scenarios,https://www.shl.com/products/product-catalog/view/management-scenarios/,
COBOL Programming (New),https://www.shl.com/products/product-catalog/view/cobol-programming-new/,
ReactJS (New),https://www.shl.com/products/product-catalog/view/reactjs-new/,
R Programming (New),https://www.shl.com/products/product-catalog/view/r-programming-new/,
SAP SD (Sales and Distribution) (New),https://www.shl.com/products/product-catalog/view/sap-sd-sales-and-distribution-new/,
Enterprise Leadership Report 2.0,https://www.shl.com/products/product-catalog/view/enterprise-leadership-report-2-0/,
SVAR - Spoken Spanish (North American) (New),https://www.shl.com/products/product-catalog/view/svar-spoken-spanish-north-american-new/,
Universal Competency Framework Job profiling guide,https://www.shl.com/products/product-catalog/view/universal-competency-framework-job-profiling-guide/,
Social Media (New),https://www.shl.com/products/product-catalog/view/social-media-new/,
Electronics and Semiconductor Engineering (New),https://www.shl.com/products/product-catalog/view/electronics-and-semiconductor-engineering-new/,
Verify - Deductive Reasoning,https://www.shl.com/products/product-catalog/view/verify-deductive-reasoning/,
Accounts Receivable Simulation (New),https://www.shl.com/products/product-catalog/view/accounts-receivable-simulation-new/,
Tableau (New),https://www.shl.com/products/product-catalog/view/tableau-new/,
Medical Terminology (New),https://www.shl.com/products/product-catalog/view/medical-terminology-new/,
Automata Selenium,https://www.shl.com/products/product-catalog/view/automata-selenium/,
PJM Development Report,https://www.shl.com/products/product-catalog/view/pjm-development-report/,
SQL Server Analysis Services (SSAS) (New),https://www.shl.com/products/product-catalog/view/sql-server-analysis-services-%28ssas%29-%28new%29/,
Housekeeping (New),https://www.shl.com/products/product-catalog/view/housekeeping-new/,
360° Multi-Rater Feedback System (MFS),https://www.shl.com/products/product-catalog/view/360-multi-rater-feedback-system-mfs/,
Amazon Web Services (AWS) Development (New),https://www.shl.com/products/product-catalog/view/amazon-web-services-aws-development-new/,
Microsoft Dynamics Development (New),https://www.shl.com/products/product-catalog/view/microsoft-dynamics-development-new/,
Global Skills Assessment,https://www.shl.com/products/product-catalog/view/global-skills-assessment/,
Electrical Engineering (New),https://www.shl.com/products/product-catalog/view/electrical-engineering-new/,
Apache Kafka (New),https://www.shl.com/products/product-catalog/view/apache-kafka-new/,
iOS Development (New),https://www.shl.com/products/product-catalog/view/ios-development-new/,
RESTful Web Services (New),https://www.shl.com/products/product-catalog/view/restful-web-services-new/,
SQL Server Reporting Services (SSRS) (New),https://www.shl.com/products/product-catalog/view/sql-server-reporting-services-ssrs-new/,
SonarQube (New),https://www.shl.com/products/product-catalog/view/sonarqube-new/,
Microsoft PowerPoint 365 - Essentials (New),https://www.shl.com/products/product-catalog/view/microsoft-powerpoint-365-essentials-new/,
Micro Focus Unified Functional Testing (New),https://www.shl.com/products/product-catalog/view/micro-focus-unified-functional-testing-new/,
Ceramic Engineering (New),https://www.shl.com/products/product-catalog/view/ceramic-engineering-new/,
Executive Scenarios Profile Report,https://www.shl.com/products/product-catalog/view/executive-scenarios-profile-report/,
Cloud Computing (New),https://www.shl.com/products/product-catalog/view/cloud-computing-new/,
Civil Engineering (New),https://www.shl.com/products/product-catalog/view/civil-engineering-new/,
OPQ Premium Plus Report,https://www.shl.com/products/product-catalog/view/opq-premium-plus-report/,
SAP Hybris (New),https://www.shl.com/products/product-catalog/view/sap-hybris-new/,
Power Electronics and Drives (New),https://www.shl.com/products/product-catalog/view/power-electronics-and-drives-new/,
BizTalk (New),https://www.shl.com/products/product-catalog/view/biztalk-new/,
Microsoft Outlook 2013 (adaptive),https://www.shl.com/products/product-catalog/view/microsoft-outlook-2013-adaptive/,
Training Development,https://www.shl.com/products/product-catalog/view/training-development/,
MS Access (New),https://www.shl.com/products/product-catalog/view/ms-access-new/,
Organic Chemistry (New),https://www.shl.com/products/product-catalog/view/organic-chemistry-new/,
Mining Engineering (New),https://www.shl.com/products/product-catalog/view/mining-engineering-new/,
SVAR - Spoken Spanish (Castilian) (New),https://www.shl.com/products/product-catalog/view/svar-spoken-spanish-castilian-new/,
jQuery (New),https://www.shl.com/products/product-catalog/view/jquery-new/,
Microservices (New),https://www.shl.com/products/product-catalog/view/microservices-new/,
Split Screen Typing Test - Form 1,https://www.shl.com/products/product-catalog/view/split-screen-typing-test-form-1/,
Smart Interview On Demand,https://www.shl.com/products/product-catalog/view/smart-interview-on-demand/,
Culinary Skills (New),https://www.shl.com/products/product-catalog/view/culinary-skills-new/,
Pharmaceutical Analysis (New),https://www.shl.com/products/product-catalog/view/pharmaceutical-analysis-new/,
Mobility (New),https://www.shl.com/products/product-catalog/view/mobility-new/,
General Diseases (New),https://www.shl.com/products/product-catalog/view/general-diseases-new/,
Oracle WebLogic Server (New),https://www.shl.com/products/product-catalog/view/oracle-weblogic-server-new/,
.NET WCF (New),https://www.shl.com/products/product-catalog/view/net-wcf-new/,
Verify Interactive G+ Candidate Report,https://www.shl.com/products/product-catalog/view/verify-interactive-g-candidate-report/,
Paint Technology (New),https://www.shl.com/products/product-catalog/view/paint-technology-new/,
Adobe Photoshop CC,https://www.shl.com/products/product-catalog/view/adobe-photoshop-cc/,
Reading Comprehension - Spanish v1,https://www.shl.com/products/product-catalog/view/reading-comprehension-spanish-v1/,
MS PowerPoint (New),https://www.shl.com/products/product-catalog/view/ms-powerpoint-new/,
Food and Beverage Services (New),https://www.shl.com/products/product-catalog/view/food-and-beverage-services-new/,
Verify Interactive Ability Report,https://www.shl.com/products/product-catalog/view/verify-interactive-ability-report/,
Smart Interview Live Coding,https://www.shl.com/products/product-catalog/view/smart-interview-live-coding/,
Docker (New),https://www.shl.com/products/product-catalog/view/docker-new/,
OPQ Candidate Report 2.0,https://www.shl.com/products/product-catalog/view/opq-candidate-report-2-0/,
Selenium (New),https://www.shl.com/products/product-catalog/view/selenium-new/,
Metallurgical Engineering (New),https://www.shl.com/products/product-catalog/view/metallurgical-engineering-new/,
Struts (New),https://www.shl.com/products/product-catalog/view/struts-new/,
Computer Science (New),https://www.shl.com/products/product-catalog/view/computer-science-new/,
Mechanical Engineering (New),https://www.shl.com/products/product-catalog/view/mechanical-engineering-new/,
Administrative Professional - Short Form,https://www.shl.com/products/product-catalog/view/administrative-professional-short-form/,
OPQ Team Types & Leadership Styles Profile,https://www.shl.com/products/product-catalog/view/opq-team-types-and-leadership-styles-profile/,
Filing - Numbers,https://www.shl.com/products/product-catalog/view/filing-numbers/,
Universal Competency Framework Interview Guide,https://www.shl.com/products/product-catalog/view/universal-competency-framework-interview-guide/,
RemoteWorkQ,https://www.shl.com/products/product-catalog/view/remoteworkq/,
C Programming (New),https://www.shl.com/products/product-catalog/view/c-programming-new/,
Motivation Questionnaire MQM5,https://www.shl.com/products/product-catalog/view/motivation-questionnaire-mqm5/,
Software Business Analysis,https://www.shl.com/products/product-catalog/view/software-business-analysis/,
SVAR - Spoken English (AUS),https://www.shl.com/products/product-catalog/view/svar-spoken-english-aus/,
MS Office Basic Computer Literacy (Sim) (New),https://www.shl.com/products/product-catalog/view/ms-office-basic-computer-literacy-sim-new/,
OPQ Manager Plus Report,https://www.shl.com/products/product-catalog/view/opq-manager-plus-report/,
WriteX - Email Writing (Managerial) (New),https://www.shl.com/products/product-catalog/view/writex-email-writing-managerial-new/,
C++ Programming (New),https://www.shl.com/products/product-catalog/view/c-programming-new-4122/,
OPQ UCF Development Action Planner Report 1.0,https://www.shl.com/products/product-catalog/view/opq-ucf-development-action-planner-report/,
Executive Scenarios Narrative Report,https://www.shl.com/products/product-catalog/view/executive-scenarios-narrative-report/,
Sales & Service Phone Simulation,https://www.shl.com/products/product-catalog/view/sales-and-service-phone-simulation/,
English Comprehension (New),https://www.shl.com/products/product-catalog/view/english-comprehension-new/,
PHP (New),https://www.shl.com/products/product-catalog/view/php-new/,
Verify - General Ability Screen,https://www.shl.com/products/product-catalog/view/verify-general-ability-screen/,
Apache Pig (New),https://www.shl.com/products/product-catalog/view/apache-pig-new/,
Electronics & Telecommunications Engineering (New),https://www.shl.com/products/product-catalog/view/electronics-and-telecommunications-engineering-new/,
Business Communications,https://www.shl.com/products/product-catalog/view/business-communications/,
SVAR - Spoken French (Canadian) (New),https://www.shl.com/products/product-catalog/view/svar-spoken-french-canadian-new/,
Mineral Engineering (New),https://www.shl.com/products/product-catalog/view/mineral-engineering-new/,
Programming Concepts,https://www.shl.com/products/product-catalog/view/programming-concepts/,
Data Entry Ten Key Split Screen,https://www.shl.com/products/product-catalog/view/data-entry-ten-key-split-screen/,
Apache Spark (New),https://www.shl.com/products/product-catalog/view/apache-spark-new/,
OPQ Team Impact Selection Report,https://www.shl.com/products/product-catalog/view/opq-team-impact-selection-report/,
UiPath RPA Development (New),https://www.shl.com/products/product-catalog/view/uipath-rpa-development-new/,
Digital Advertising (New),https://www.shl.com/products/product-catalog/view/digital-advertising-new/,
Polymer Engineering (New),https://www.shl.com/products/product-catalog/view/polymer-engineering-new/,
PJM Selection Report,https://www.shl.com/products/product-catalog/view/pjm-selection-report/,
Food Science (New),https://www.shl.com/products/product-catalog/view/food-science-new/,
Job Control Language (New),https://www.shl.com/products/product-catalog/view/job-control-language-new/,
OPQ Maximising your Learning Report,https://www.shl.com/products/product-catalog/view/opq-maximising-your-learning-report/,
Drupal (New),https://www.shl.com/products/product-catalog/view/drupal-new/,
SVAR - Spoken English (Indian Accent)  (New),https://www.shl.com/products/product-catalog/view/svar-spoken-english-indian-accent-new/,
Teradata Development (New),https://www.shl.com/products/product-catalog/view/teradata-development-new/,
AngularJS (New),https://www.shl.com/products/product-catalog/view/angularjs-new/,
ExpressJS (New),https://www.shl.com/products/product-catalog/view/expressjs-new/,
